id,period,treatment,x1,x2,x3,x4,age,age_s,outcome,censored,eligible
1,0,1,1, 1.146148362,0,0.734203,36,0.08333333,0,0,1
1,1,1,1, 0.002200337,0,0.734203,37,0.16666667,0,0,0
1,2,1,0,-0.481762418,0,0.734203,38,0.25000000,0,0,0
1,3,1,0, 0.007872396,0,0.734203,39,0.33333333,0,0,0
1,4,1,1, 0.216053715,0,0.734203,40,0.41666667,0,0,0
1,5,1,0,-0.057481504,0,0.734203,41,0.50000000,0,1,0